               epoch,      train/box_loss,      train/obj_loss,      train/cls_loss,   metrics/precision,      metrics/recall,     metrics/mAP_0.5,metrics/mAP_0.5:0.95,        val/box_loss,        val/obj_loss,        val/cls_loss,               x/lr0,               x/lr1,               x/lr2
                   0,            0.077076,            0.013359,            0.020801,              0.2187,             0.24026,             0.15518,            0.057275,            0.051915,             0.01062,            0.018038,            0.070088,           0.0033236,           0.0033236
                   1,            0.053037,           0.0085128,            0.011555,             0.65944,             0.46005,             0.50386,              0.2349,            0.048152,           0.0083487,           0.0075614,            0.040068,           0.0066369,           0.0066369
                   2,            0.050717,           0.0070218,           0.0055764,              0.5217,             0.33206,             0.33079,             0.13955,            0.053253,            0.010805,            0.011112,            0.010028,           0.0099303,           0.0099303
                   3,            0.047575,           0.0068047,            0.004676,             0.64071,             0.46738,             0.50495,             0.25488,            0.044747,           0.0084982,           0.0068112,             0.00991,             0.00991,             0.00991
                   4,            0.042651,           0.0062719,           0.0034407,             0.69425,             0.51258,             0.55742,             0.27474,            0.041774,           0.0074874,            0.004253,             0.00991,             0.00991,             0.00991
                   5,            0.040316,           0.0059185,           0.0029935,             0.72576,             0.51803,             0.57793,             0.30715,            0.039208,           0.0075415,           0.0044739,             0.00988,             0.00988,             0.00988
                   6,            0.039047,           0.0058041,           0.0028919,             0.74255,             0.56129,             0.61428,             0.34038,            0.037254,           0.0073221,           0.0042586,             0.00985,             0.00985,             0.00985
                   7,            0.038358,           0.0056685,           0.0027089,             0.76021,             0.58918,             0.65989,             0.36384,            0.036746,           0.0068477,           0.0033344,             0.00982,             0.00982,             0.00982
                   8,            0.037698,           0.0055618,           0.0025639,             0.79247,              0.5894,             0.68332,             0.39048,            0.034416,           0.0063223,           0.0029067,             0.00979,             0.00979,             0.00979
                   9,            0.036356,           0.0053908,           0.0024203,             0.80167,             0.56546,             0.64377,             0.36419,            0.040055,           0.0069556,           0.0036326,             0.00976,             0.00976,             0.00976
                  10,             0.03573,            0.005308,           0.0023092,              0.7964,             0.62963,             0.70022,             0.39208,            0.034844,           0.0065699,           0.0033347,             0.00973,             0.00973,             0.00973
                  11,            0.035057,           0.0052627,           0.0022964,             0.79228,             0.58375,             0.66442,             0.38559,            0.035245,           0.0069222,           0.0030999,              0.0097,              0.0097,              0.0097
                  12,            0.035158,           0.0051289,           0.0021793,             0.80798,             0.59313,             0.68582,              0.4059,            0.033994,           0.0066898,           0.0030405,             0.00967,             0.00967,             0.00967
                  13,            0.034739,           0.0051566,           0.0020429,             0.75333,             0.63071,             0.67658,             0.39695,            0.033931,           0.0066942,            0.002771,             0.00964,             0.00964,             0.00964
                  14,            0.034181,           0.0049842,           0.0019759,             0.75167,             0.62271,             0.69183,              0.4147,            0.032175,           0.0061882,           0.0033231,             0.00961,             0.00961,             0.00961
                  15,            0.033567,           0.0049753,           0.0019987,               0.816,             0.60007,             0.70535,             0.42276,             0.03181,           0.0063797,           0.0029081,             0.00958,             0.00958,             0.00958
                  16,            0.033368,             0.00487,           0.0019283,             0.81577,             0.62269,             0.70301,             0.41096,            0.033164,           0.0066145,           0.0024999,             0.00955,             0.00955,             0.00955
                  17,            0.033157,           0.0049648,           0.0019546,             0.81583,             0.65167,             0.70678,             0.41635,            0.038629,           0.0062116,           0.0025406,             0.00952,             0.00952,             0.00952
                  18,            0.032734,           0.0049086,           0.0018503,             0.84053,             0.64018,             0.71568,             0.43061,            0.033059,           0.0063194,           0.0025742,             0.00949,             0.00949,             0.00949
                  19,             0.03265,           0.0048347,           0.0018868,             0.80117,             0.65699,             0.73676,             0.44345,            0.031035,            0.006031,           0.0025894,             0.00946,             0.00946,             0.00946
                  20,            0.032551,            0.004783,           0.0018471,             0.80176,             0.65162,             0.72693,             0.43629,            0.032525,           0.0061984,             0.00263,             0.00943,             0.00943,             0.00943
                  21,            0.032509,           0.0048118,           0.0019269,             0.81613,             0.66141,             0.73191,             0.44368,            0.033412,           0.0064044,           0.0024782,              0.0094,              0.0094,              0.0094
                  22,              0.0328,           0.0048012,           0.0019351,             0.80858,              0.6626,              0.7391,             0.44466,            0.030627,           0.0061262,           0.0026022,             0.00937,             0.00937,             0.00937
                  23,            0.031708,           0.0046736,           0.0017752,              0.8408,             0.65799,             0.73813,             0.44813,            0.032516,           0.0061896,           0.0027221,             0.00934,             0.00934,             0.00934
                  24,            0.031855,           0.0047444,             0.00178,             0.82275,             0.68271,             0.73789,             0.44641,            0.036409,           0.0059282,           0.0042178,             0.00931,             0.00931,             0.00931
                  25,            0.031586,           0.0047031,           0.0017076,             0.82979,             0.66636,             0.73718,             0.44858,            0.033538,           0.0062034,           0.0029588,             0.00928,             0.00928,             0.00928
                  26,            0.031749,            0.004777,           0.0017184,             0.82046,             0.68022,             0.75653,             0.46199,             0.03116,           0.0059415,           0.0023238,             0.00925,             0.00925,             0.00925
                  27,             0.03109,            0.004624,           0.0017081,             0.82834,             0.67769,              0.7489,             0.45528,            0.032174,            0.006035,           0.0028859,             0.00922,             0.00922,             0.00922
                  28,             0.03108,           0.0045553,           0.0016406,             0.83468,             0.67252,             0.74647,             0.45673,            0.030513,           0.0060813,           0.0025373,             0.00919,             0.00919,             0.00919
                  29,            0.031401,           0.0047499,           0.0018768,             0.83562,             0.66224,             0.73728,             0.44989,            0.033518,           0.0059991,           0.0030489,             0.00916,             0.00916,             0.00916
                  30,             0.03077,           0.0046428,           0.0017023,             0.81372,             0.68286,             0.74828,             0.45907,            0.031202,           0.0060784,            0.002644,             0.00913,             0.00913,             0.00913
                  31,            0.031358,           0.0045889,           0.0017973,             0.81263,             0.68741,             0.76279,             0.46892,            0.029468,           0.0059502,           0.0024059,              0.0091,              0.0091,              0.0091
                  32,            0.031026,           0.0045501,           0.0016507,             0.84761,              0.7012,             0.78275,             0.48163,            0.028968,           0.0055661,           0.0021231,             0.00907,             0.00907,             0.00907
                  33,            0.031404,           0.0046838,           0.0018103,             0.83362,             0.70572,             0.76925,              0.4745,            0.029723,           0.0058279,           0.0026866,             0.00904,             0.00904,             0.00904
                  34,            0.030252,           0.0044906,            0.001621,             0.82469,             0.71836,             0.78382,             0.48997,            0.028663,           0.0053438,           0.0024863,             0.00901,             0.00901,             0.00901
                  35,            0.030261,             0.00455,           0.0017039,             0.83125,             0.70793,             0.78678,               0.491,            0.028404,           0.0052932,           0.0024543,             0.00898,             0.00898,             0.00898
                  36,            0.030596,           0.0044671,           0.0016203,             0.85634,             0.70143,             0.78788,              0.4908,            0.028122,           0.0053255,           0.0019745,             0.00895,             0.00895,             0.00895
                  37,            0.030624,           0.0044997,           0.0017319,             0.85457,             0.70635,              0.7871,             0.48984,             0.02814,           0.0053838,           0.0021579,             0.00892,             0.00892,             0.00892
                  38,            0.030259,           0.0044636,           0.0015629,             0.83501,             0.70102,              0.7788,              0.4855,            0.028226,           0.0056643,           0.0020163,             0.00889,             0.00889,             0.00889
                  39,            0.029972,           0.0044195,           0.0015106,             0.84677,             0.69213,             0.77749,             0.48326,              0.0285,           0.0056894,           0.0020264,             0.00886,             0.00886,             0.00886
                  40,             0.02992,           0.0043877,           0.0015326,             0.85391,             0.69144,             0.77937,              0.4861,            0.028319,           0.0055815,           0.0019992,             0.00883,             0.00883,             0.00883
                  41,            0.029414,           0.0043585,           0.0014659,             0.84984,             0.69764,             0.77889,             0.48576,            0.028336,           0.0056266,            0.002019,              0.0088,              0.0088,              0.0088
                  42,            0.029713,           0.0044015,           0.0014632,             0.85644,              0.6956,             0.78367,             0.48671,            0.028278,            0.005541,           0.0020298,             0.00877,             0.00877,             0.00877
                  43,            0.029712,           0.0043515,           0.0015277,             0.84955,             0.71125,             0.78808,             0.49311,             0.02807,            0.005429,            0.002034,             0.00874,             0.00874,             0.00874
                  44,            0.029425,           0.0042878,           0.0015703,             0.84826,             0.71621,             0.78934,             0.49596,            0.028091,           0.0054132,            0.002184,             0.00871,             0.00871,             0.00871
                  45,            0.029543,           0.0043523,           0.0015035,             0.84293,             0.72107,             0.78999,             0.49574,            0.028254,            0.005463,           0.0023382,             0.00868,             0.00868,             0.00868
                  46,            0.029712,           0.0043855,           0.0015861,             0.85675,             0.71177,             0.78832,             0.49494,            0.028396,           0.0055059,           0.0023503,             0.00865,             0.00865,             0.00865
                  47,            0.029705,           0.0043746,           0.0016397,             0.85283,             0.72282,             0.79248,             0.49713,            0.028258,           0.0054531,           0.0023167,             0.00862,             0.00862,             0.00862
                  48,            0.029376,           0.0043779,           0.0014613,             0.85375,             0.72339,             0.79272,             0.49763,             0.02817,           0.0054375,           0.0022277,             0.00859,             0.00859,             0.00859
                  49,            0.029535,           0.0042572,           0.0014743,             0.85141,             0.72449,              0.7928,             0.49907,            0.028139,           0.0054418,           0.0021782,             0.00856,             0.00856,             0.00856
                  50,            0.029268,           0.0043369,           0.0015954,             0.84193,             0.72641,             0.79105,             0.49707,            0.028156,           0.0055072,           0.0022732,             0.00853,             0.00853,             0.00853
                  51,            0.029619,           0.0044328,           0.0015425,              0.8571,             0.71337,             0.78865,             0.49442,            0.028399,           0.0056027,           0.0022831,              0.0085,              0.0085,              0.0085
                  52,            0.029117,           0.0042774,            0.001447,             0.86165,             0.71464,             0.78822,             0.49444,            0.028547,           0.0056375,           0.0022497,             0.00847,             0.00847,             0.00847
                  53,            0.029356,            0.004362,            0.001547,              0.8634,             0.71405,             0.78809,             0.49403,            0.028651,            0.005653,           0.0022055,             0.00844,             0.00844,             0.00844
                  54,            0.029478,           0.0042929,           0.0015444,             0.86725,             0.71451,             0.78841,             0.49461,            0.028723,           0.0056725,           0.0021254,             0.00841,             0.00841,             0.00841
                  55,            0.028941,           0.0042593,           0.0014638,             0.86627,             0.71504,             0.78828,             0.49445,            0.028834,           0.0056838,            0.002081,             0.00838,             0.00838,             0.00838
                  56,            0.028792,            0.004196,           0.0013737,             0.86549,             0.71699,             0.79099,             0.49597,            0.028852,           0.0056598,           0.0020651,             0.00835,             0.00835,             0.00835
                  57,            0.029009,           0.0042919,           0.0014122,             0.86926,             0.71952,             0.79449,             0.49818,            0.028633,           0.0055998,           0.0020317,             0.00832,             0.00832,             0.00832
                  58,            0.028889,           0.0042552,           0.0014475,             0.86808,             0.71937,             0.79549,             0.49895,            0.028584,           0.0055853,           0.0020211,             0.00829,             0.00829,             0.00829
                  59,             0.02878,           0.0042495,            0.001456,             0.86504,             0.72091,             0.79587,             0.49943,            0.028626,           0.0055976,            0.002009,             0.00826,             0.00826,             0.00826
                  60,            0.029005,            0.004304,           0.0015235,             0.86448,             0.72358,             0.79617,             0.50071,            0.028668,           0.0055909,            0.001993,             0.00823,             0.00823,             0.00823
                  61,            0.029203,           0.0043451,           0.0014902,             0.86563,             0.72607,             0.79777,             0.50188,            0.028628,           0.0055738,           0.0019686,              0.0082,              0.0082,              0.0082
                  62,             0.02855,           0.0042137,           0.0014096,             0.86466,             0.72423,             0.79708,             0.50156,             0.02868,           0.0055808,           0.0019692,             0.00817,             0.00817,             0.00817
                  63,            0.028805,           0.0041897,           0.0013599,             0.86554,             0.72312,             0.79675,              0.5008,            0.028773,           0.0055948,           0.0019571,             0.00814,             0.00814,             0.00814
                  64,              0.0288,           0.0042508,           0.0014428,             0.86556,             0.72276,             0.79628,             0.49961,            0.028873,           0.0056127,            0.001951,             0.00811,             0.00811,             0.00811
                  65,            0.029069,           0.0042479,           0.0014312,             0.86161,             0.72344,             0.79637,             0.49949,            0.028894,            0.005621,           0.0019481,             0.00808,             0.00808,             0.00808
                  66,            0.028701,            0.004211,            0.001441,             0.86855,             0.72132,             0.79588,             0.49961,            0.028938,           0.0056306,           0.0019416,             0.00805,             0.00805,             0.00805
                  67,            0.028555,           0.0041684,           0.0013664,             0.86889,             0.72086,              0.7958,             0.50048,            0.028963,           0.0056477,           0.0019418,             0.00802,             0.00802,             0.00802
                  68,            0.028681,            0.004284,           0.0014977,             0.86683,             0.72365,             0.79507,              0.4999,             0.02904,           0.0056727,           0.0019456,             0.00799,             0.00799,             0.00799
                  69,            0.028527,           0.0041915,           0.0014762,             0.86951,             0.72337,             0.79432,             0.49935,            0.029117,           0.0056831,           0.0019505,             0.00796,             0.00796,             0.00796
                  70,            0.028393,           0.0041777,           0.0014095,             0.86896,             0.72233,             0.79416,             0.49953,            0.029208,           0.0056845,           0.0019523,             0.00793,             0.00793,             0.00793
                  71,            0.028395,           0.0041677,           0.0014088,             0.87131,             0.72233,             0.79439,             0.49978,            0.029309,           0.0056928,           0.0019617,              0.0079,              0.0079,              0.0079
                  72,            0.028303,           0.0041838,           0.0013768,             0.86758,             0.72626,             0.79483,             0.49941,            0.029331,           0.0056956,           0.0019674,             0.00787,             0.00787,             0.00787
                  73,            0.028505,           0.0041933,            0.001336,             0.86434,             0.73078,             0.79565,             0.49972,            0.029379,           0.0057048,           0.0019778,             0.00784,             0.00784,             0.00784
                  74,            0.028417,            0.004188,           0.0014021,             0.86639,             0.72978,             0.79497,             0.49908,            0.029572,           0.0057178,            0.001998,             0.00781,             0.00781,             0.00781
                  75,            0.027899,           0.0041207,           0.0013051,             0.86435,             0.73106,             0.79424,             0.49859,             0.02976,           0.0057279,           0.0020174,             0.00778,             0.00778,             0.00778
                  76,            0.028173,           0.0041167,           0.0013555,             0.85925,               0.738,             0.79374,             0.49888,            0.030045,           0.0057361,           0.0020704,             0.00775,             0.00775,             0.00775
                  77,            0.028151,           0.0042259,           0.0014093,              0.8563,             0.74012,             0.79379,             0.49892,            0.030188,            0.005738,           0.0020959,             0.00772,             0.00772,             0.00772
                  78,            0.027947,           0.0041218,           0.0013352,             0.85786,             0.73935,             0.79317,             0.49837,            0.030321,           0.0057281,           0.0021218,             0.00769,             0.00769,             0.00769
                  79,             0.02802,           0.0041243,           0.0013615,             0.85857,             0.73849,             0.79273,             0.49872,             0.03055,           0.0057323,           0.0021572,             0.00766,             0.00766,             0.00766
                  80,            0.028242,           0.0041586,           0.0013612,              0.8607,             0.73925,             0.79262,             0.49897,            0.030711,           0.0057281,           0.0021916,             0.00763,             0.00763,             0.00763
                  81,            0.027897,           0.0041757,           0.0013251,             0.85954,             0.73884,             0.79303,             0.49963,            0.030829,           0.0057205,            0.002222,              0.0076,              0.0076,              0.0076
                  82,            0.027757,           0.0040658,           0.0012709,             0.86256,             0.73964,             0.79316,             0.50048,            0.030847,           0.0057158,           0.0022322,             0.00757,             0.00757,             0.00757
                  83,            0.028283,           0.0040908,           0.0014217,             0.86619,             0.74171,             0.79389,             0.50019,            0.030946,             0.00571,           0.0022405,             0.00754,             0.00754,             0.00754
                  84,              0.0286,           0.0041154,           0.0013285,             0.85911,             0.74553,             0.79403,             0.49994,            0.031012,            0.005705,           0.0022471,             0.00751,             0.00751,             0.00751
                  85,            0.027982,           0.0040538,           0.0013762,             0.85629,             0.74784,             0.79427,             0.50025,             0.03104,           0.0056984,           0.0022477,             0.00748,             0.00748,             0.00748
                  86,            0.027929,           0.0040618,            0.001318,              0.8612,             0.74682,             0.79457,             0.50015,            0.030993,           0.0056959,           0.0022271,             0.00745,             0.00745,             0.00745
                  87,            0.028298,           0.0041752,           0.0015079,             0.85902,             0.74727,             0.79477,             0.50014,            0.031028,           0.0056893,           0.0022195,             0.00742,             0.00742,             0.00742
                  88,             0.02772,           0.0040923,            0.001253,             0.85863,             0.74586,             0.79498,             0.50105,            0.031062,           0.0056817,           0.0022243,             0.00739,             0.00739,             0.00739
                  89,            0.027618,           0.0041204,            0.001388,              0.8606,             0.74528,             0.79592,             0.50095,            0.031146,           0.0056729,           0.0022437,             0.00736,             0.00736,             0.00736
                  90,            0.027203,           0.0040014,           0.0012383,             0.86296,             0.74529,             0.79653,             0.50108,            0.031068,            0.005669,           0.0022373,             0.00733,             0.00733,             0.00733
                  91,            0.027364,           0.0039445,           0.0012323,             0.86615,             0.74274,             0.79702,             0.50083,            0.031084,           0.0056664,           0.0022405,              0.0073,              0.0073,              0.0073
                  92,            0.027306,           0.0039542,           0.0012121,             0.86623,             0.74344,             0.79779,             0.50061,            0.031033,            0.005663,           0.0022352,             0.00727,             0.00727,             0.00727
                  93,            0.027919,           0.0040507,           0.0013349,             0.86451,             0.74387,             0.79899,             0.50161,            0.031044,           0.0056613,           0.0022344,             0.00724,             0.00724,             0.00724
                  94,             0.02766,            0.004072,           0.0012988,             0.87395,             0.73982,             0.79928,             0.50182,             0.03107,           0.0056514,           0.0022341,             0.00721,             0.00721,             0.00721
                  95,            0.028217,           0.0042149,           0.0014151,             0.87305,             0.73804,             0.79858,             0.50261,             0.03118,           0.0056477,           0.0022415,             0.00718,             0.00718,             0.00718
                  96,            0.027886,           0.0041039,           0.0012744,             0.87343,             0.73682,             0.79852,             0.50224,            0.031219,           0.0056481,           0.0022433,             0.00715,             0.00715,             0.00715
                  97,            0.027537,           0.0040743,           0.0013686,              0.8691,             0.73828,             0.79875,             0.50219,            0.031194,           0.0056514,           0.0022263,             0.00712,             0.00712,             0.00712
                  98,            0.027289,           0.0039774,           0.0012614,              0.8693,              0.7392,             0.79899,             0.50233,            0.031213,           0.0056523,           0.0022192,             0.00709,             0.00709,             0.00709
                  99,            0.027377,            0.004041,           0.0013025,              0.8742,             0.73828,             0.79964,             0.50296,            0.031222,           0.0056536,           0.0022119,             0.00706,             0.00706,             0.00706
                 100,            0.028008,            0.004121,           0.0014733,             0.87842,             0.73874,             0.79992,             0.50222,             0.03128,           0.0056534,            0.002204,             0.00703,             0.00703,             0.00703
                 101,            0.027499,           0.0040322,           0.0012277,             0.87953,             0.73988,             0.80041,             0.50169,            0.031299,           0.0056576,           0.0021926,               0.007,               0.007,               0.007
                 102,             0.02729,           0.0040379,           0.0012597,             0.87696,             0.74128,             0.80039,             0.50167,            0.031419,           0.0056558,           0.0022005,             0.00697,             0.00697,             0.00697
                 103,            0.027315,           0.0040197,           0.0012189,             0.88176,              0.7379,             0.79982,             0.50199,            0.031573,           0.0056412,           0.0022142,             0.00694,             0.00694,             0.00694
                 104,            0.027196,           0.0039337,           0.0013489,             0.88039,             0.73908,             0.79992,             0.50316,            0.031668,           0.0056328,            0.002224,             0.00691,             0.00691,             0.00691
                 105,            0.027144,           0.0039955,           0.0012138,             0.87854,             0.74104,             0.80015,             0.50323,            0.031878,           0.0056153,           0.0022531,             0.00688,             0.00688,             0.00688
                 106,            0.026794,            0.003891,           0.0011319,             0.87996,             0.74027,             0.80055,             0.50353,              0.0321,           0.0055987,           0.0022981,             0.00685,             0.00685,             0.00685
                 107,             0.02694,             0.00392,           0.0012287,             0.87761,              0.7415,             0.80069,             0.50383,            0.032159,           0.0055937,           0.0023054,             0.00682,             0.00682,             0.00682
                 108,             0.02737,           0.0039761,           0.0013402,             0.87622,             0.74304,             0.80073,             0.50325,            0.032252,           0.0055856,           0.0023234,             0.00679,             0.00679,             0.00679
                 109,            0.027036,           0.0039123,           0.0011986,             0.87542,              0.7438,             0.80107,             0.50234,            0.032336,            0.005582,           0.0023559,             0.00676,             0.00676,             0.00676
                 110,            0.027185,           0.0039658,           0.0013067,             0.87253,             0.74467,             0.80114,             0.50294,             0.03242,           0.0055767,           0.0023716,             0.00673,             0.00673,             0.00673
                 111,            0.027005,           0.0039507,           0.0012691,             0.87255,             0.74428,             0.80146,             0.50265,            0.032514,           0.0055639,           0.0023845,              0.0067,              0.0067,              0.0067
                 112,            0.026854,           0.0039689,           0.0012354,             0.87408,             0.74267,             0.80182,             0.50354,            0.032779,           0.0055391,           0.0024172,             0.00667,             0.00667,             0.00667
                 113,            0.026871,           0.0039384,           0.0013176,             0.87558,             0.74278,             0.80094,             0.50338,            0.032919,           0.0055274,           0.0024271,             0.00664,             0.00664,             0.00664
                 114,             0.02695,           0.0039396,           0.0012437,             0.87643,             0.74265,             0.80114,             0.50293,            0.032972,           0.0055213,           0.0024304,             0.00661,             0.00661,             0.00661
                 115,            0.026971,           0.0039575,           0.0012746,             0.87587,             0.74287,             0.80007,              0.5029,            0.033005,            0.005517,           0.0024466,             0.00658,             0.00658,             0.00658
                 116,             0.02715,           0.0039876,           0.0012417,             0.87971,              0.7432,             0.80017,             0.50302,            0.033192,            0.005503,           0.0024991,             0.00655,             0.00655,             0.00655
                 117,            0.026568,           0.0039165,           0.0011079,             0.88018,             0.74233,             0.80097,             0.50325,            0.033278,           0.0054931,           0.0025426,             0.00652,             0.00652,             0.00652
                 118,            0.026744,           0.0038684,           0.0011539,             0.88179,             0.73946,             0.80122,             0.50377,            0.033245,           0.0054929,           0.0025552,             0.00649,             0.00649,             0.00649
                 119,            0.026834,           0.0038982,            0.001176,             0.88251,             0.73902,             0.80127,             0.50441,            0.033264,           0.0054801,            0.002574,             0.00646,             0.00646,             0.00646
                 120,            0.026972,           0.0039048,           0.0012584,             0.88779,             0.74002,             0.80204,              0.5045,            0.033242,           0.0054847,           0.0025823,             0.00643,             0.00643,             0.00643
                 121,            0.026511,           0.0038856,            0.001139,             0.88729,             0.74035,             0.80228,             0.50543,            0.033267,           0.0054784,           0.0026009,              0.0064,              0.0064,              0.0064
                 122,            0.026432,           0.0038705,           0.0011447,             0.87537,             0.74547,             0.80235,             0.50644,            0.033252,           0.0054795,           0.0025924,             0.00637,             0.00637,             0.00637
                 123,            0.026724,           0.0039369,           0.0012106,              0.8748,             0.75036,             0.80357,             0.50655,            0.033241,           0.0054763,           0.0025999,             0.00634,             0.00634,             0.00634
                 124,            0.026537,           0.0038956,           0.0011652,             0.87417,             0.75282,             0.80349,             0.50698,            0.033178,           0.0054777,           0.0026055,             0.00631,             0.00631,             0.00631
                 125,            0.026452,           0.0038962,           0.0011321,             0.87897,             0.74704,             0.80409,             0.50727,            0.033204,           0.0054761,           0.0026272,             0.00628,             0.00628,             0.00628
                 126,             0.02647,           0.0039209,           0.0012008,              0.8803,             0.74942,             0.80443,             0.50746,             0.03311,           0.0054873,           0.0026071,             0.00625,             0.00625,             0.00625
                 127,            0.026926,           0.0039181,           0.0012547,             0.87967,             0.74875,             0.80484,             0.50857,            0.032983,           0.0054955,           0.0025673,             0.00622,             0.00622,             0.00622
                 128,            0.026407,           0.0038585,           0.0012046,             0.87933,             0.74932,             0.80534,             0.50849,            0.032862,           0.0055035,           0.0025567,             0.00619,             0.00619,             0.00619
                 129,            0.026362,           0.0038873,           0.0011324,             0.88136,             0.75101,             0.80556,             0.50897,            0.032897,           0.0054979,            0.002576,             0.00616,             0.00616,             0.00616
                 130,              0.0264,           0.0038151,           0.0011144,             0.87973,             0.75121,              0.8058,              0.5092,            0.032859,           0.0055002,           0.0025883,             0.00613,             0.00613,             0.00613
                 131,            0.026654,           0.0038178,           0.0011116,             0.88302,             0.75066,             0.80722,             0.50898,            0.032818,           0.0055055,            0.002591,              0.0061,              0.0061,              0.0061
                 132,            0.026299,           0.0038403,           0.0011258,             0.87612,             0.75414,             0.80497,             0.50838,            0.032798,           0.0055062,           0.0025777,             0.00607,             0.00607,             0.00607
                 133,            0.026567,           0.0038324,           0.0012344,             0.88465,             0.75043,             0.80468,             0.50885,            0.032893,           0.0054998,           0.0025842,             0.00604,             0.00604,             0.00604
                 134,            0.026192,           0.0038476,           0.0011017,             0.88586,             0.75083,              0.8048,             0.50992,            0.032877,           0.0054999,            0.002587,             0.00601,             0.00601,             0.00601
                 135,             0.02656,           0.0038987,           0.0011564,             0.88639,             0.75165,             0.80614,             0.50958,            0.032878,           0.0055057,           0.0025937,             0.00598,             0.00598,             0.00598
                 136,            0.026451,           0.0038841,           0.0011465,             0.88763,             0.75004,             0.80552,             0.50982,            0.032887,           0.0055052,            0.002606,             0.00595,             0.00595,             0.00595
                 137,            0.026255,           0.0038557,           0.0012275,             0.88993,             0.75066,             0.80711,             0.51016,            0.032919,           0.0054995,           0.0026223,             0.00592,             0.00592,             0.00592
                 138,            0.026373,           0.0038892,           0.0012683,             0.88579,             0.75081,             0.80667,             0.50983,            0.032941,           0.0054961,           0.0026494,             0.00589,             0.00589,             0.00589
                 139,            0.026399,           0.0038607,           0.0011579,             0.89106,             0.75164,             0.80771,             0.51083,            0.032949,           0.0054986,           0.0026756,             0.00586,             0.00586,             0.00586
                 140,            0.026249,           0.0037833,           0.0010767,             0.89109,             0.74973,             0.80812,             0.51145,            0.032887,           0.0055028,           0.0026741,             0.00583,             0.00583,             0.00583
                 141,            0.025892,           0.0038088,           0.0011616,             0.89084,             0.75132,             0.80899,             0.51227,            0.032923,           0.0055018,           0.0026899,              0.0058,              0.0058,              0.0058
                 142,            0.026408,           0.0038456,           0.0012552,             0.88826,             0.75256,             0.80894,             0.51263,            0.032926,           0.0055025,            0.002681,             0.00577,             0.00577,             0.00577
                 143,            0.026256,           0.0038073,           0.0011484,             0.88784,             0.75505,             0.80872,             0.51233,            0.032882,           0.0055134,           0.0026651,             0.00574,             0.00574,             0.00574
                 144,            0.025984,           0.0037772,           0.0011996,              0.8858,             0.75776,             0.80908,             0.51332,            0.032899,           0.0055128,           0.0026705,             0.00571,             0.00571,             0.00571
                 145,            0.025904,           0.0037983,           0.0011355,              0.8823,             0.75851,             0.80892,              0.5128,            0.032894,           0.0055079,           0.0026719,             0.00568,             0.00568,             0.00568
                 146,            0.025999,           0.0037934,           0.0011214,             0.88357,             0.75742,             0.80901,             0.51271,            0.032921,           0.0054984,           0.0026873,             0.00565,             0.00565,             0.00565
                 147,            0.026074,           0.0037533,           0.0010763,             0.89102,             0.75509,             0.80888,              0.5137,            0.032958,           0.0054894,            0.002722,             0.00562,             0.00562,             0.00562
                 148,            0.025674,           0.0037876,           0.0011188,             0.88812,             0.75635,             0.80915,             0.51415,            0.033024,           0.0054766,           0.0027445,             0.00559,             0.00559,             0.00559
                 149,            0.025885,            0.003705,            0.001107,             0.88767,             0.75575,             0.80939,             0.51427,            0.033081,           0.0054701,            0.002771,             0.00556,             0.00556,             0.00556
                 150,            0.025719,           0.0038009,           0.0011233,             0.89023,             0.75351,             0.80936,             0.51447,            0.033039,           0.0054735,           0.0027626,             0.00553,             0.00553,             0.00553
                 151,            0.026357,           0.0038698,           0.0011932,             0.89043,             0.75293,             0.80959,             0.51404,             0.03307,            0.005463,           0.0027628,              0.0055,              0.0055,              0.0055
                 152,            0.026269,           0.0037972,           0.0011511,             0.89123,             0.75036,             0.80973,             0.51551,            0.033157,           0.0054502,           0.0027902,             0.00547,             0.00547,             0.00547
                 153,            0.026235,           0.0038879,           0.0012089,             0.89561,             0.74692,             0.80952,             0.51521,            0.033095,           0.0054535,           0.0027704,             0.00544,             0.00544,             0.00544
                 154,             0.02589,           0.0037804,            0.001085,             0.89799,             0.74683,             0.80992,             0.51595,            0.033107,           0.0054532,           0.0027707,             0.00541,             0.00541,             0.00541
                 155,            0.025517,           0.0037673,           0.0011513,              0.8974,             0.74755,             0.80985,             0.51642,            0.033196,           0.0054428,           0.0027996,             0.00538,             0.00538,             0.00538
                 156,            0.025571,           0.0037999,           0.0011598,             0.89652,             0.74837,             0.80985,             0.51666,            0.033241,            0.005434,           0.0028256,             0.00535,             0.00535,             0.00535
                 157,            0.025393,           0.0037347,           0.0010691,             0.89887,             0.74769,             0.81012,             0.51721,            0.033306,           0.0054253,           0.0028526,             0.00532,             0.00532,             0.00532
                 158,            0.025824,            0.003746,           0.0011395,              0.8972,             0.74844,             0.80873,             0.51716,            0.033367,           0.0054141,           0.0028713,             0.00529,             0.00529,             0.00529
                 159,            0.025311,           0.0037387,           0.0010058,             0.89786,             0.74766,             0.80853,             0.51773,            0.033368,           0.0054072,            0.002876,             0.00526,             0.00526,             0.00526
                 160,            0.025498,           0.0037043,           0.0009964,             0.89856,             0.74853,             0.80849,             0.51701,            0.033311,           0.0054076,           0.0028678,             0.00523,             0.00523,             0.00523
                 161,            0.025344,           0.0037135,           0.0010725,             0.89888,             0.74835,             0.80904,             0.51696,            0.033314,           0.0054043,           0.0028683,              0.0052,              0.0052,              0.0052
                 162,            0.025516,           0.0037135,           0.0011079,             0.89606,             0.75356,             0.80899,              0.5171,            0.033289,            0.005405,            0.002869,             0.00517,             0.00517,             0.00517
                 163,            0.025355,           0.0037392,           0.0010493,             0.89334,             0.75131,             0.80876,             0.51662,            0.033278,           0.0054002,           0.0028621,             0.00514,             0.00514,             0.00514
                 164,            0.025611,           0.0037298,           0.0010685,             0.89198,             0.75181,             0.80886,             0.51687,            0.033342,           0.0053908,           0.0028722,             0.00511,             0.00511,             0.00511
                 165,            0.025494,            0.003732,           0.0010595,             0.89494,             0.75257,             0.80852,             0.51689,            0.033336,           0.0053862,           0.0028731,             0.00508,             0.00508,             0.00508
                 166,             0.02544,           0.0036986,            0.001007,             0.89735,             0.74933,             0.80898,             0.51748,            0.033392,           0.0053744,           0.0029072,             0.00505,             0.00505,             0.00505
                 167,             0.02539,           0.0037079,           0.0010536,             0.89636,             0.74859,             0.80949,             0.51799,            0.033509,           0.0053582,           0.0029403,             0.00502,             0.00502,             0.00502
                 168,            0.025316,           0.0036933,           0.0011135,              0.8965,             0.74841,             0.80948,             0.51879,            0.033558,           0.0053547,            0.002961,             0.00499,             0.00499,             0.00499
                 169,            0.025223,           0.0037108,          0.00099487,             0.90009,             0.74569,             0.80935,             0.51901,            0.033546,           0.0053566,           0.0029655,             0.00496,             0.00496,             0.00496
                 170,            0.025222,           0.0037429,           0.0011247,              0.8996,             0.74707,             0.80958,             0.51928,            0.033558,           0.0053581,           0.0029646,             0.00493,             0.00493,             0.00493
                 171,            0.024958,           0.0036579,           0.0010011,             0.89828,             0.74797,             0.80999,             0.51942,            0.033534,           0.0053621,           0.0029696,              0.0049,              0.0049,              0.0049
                 172,            0.025364,           0.0036903,           0.0010998,             0.89523,             0.75006,             0.80963,             0.51956,            0.033567,           0.0053566,           0.0029967,             0.00487,             0.00487,             0.00487
                 173,            0.025441,           0.0037257,           0.0010718,             0.89417,             0.75099,             0.81015,             0.51995,             0.03349,            0.005362,            0.002996,             0.00484,             0.00484,             0.00484
                 174,            0.025472,           0.0037128,           0.0010511,             0.89109,             0.75109,             0.81029,             0.52051,            0.033504,           0.0053578,           0.0030147,             0.00481,             0.00481,             0.00481
                 175,            0.025074,           0.0036578,           0.0010023,             0.89378,             0.74924,             0.81028,             0.52067,            0.033478,           0.0053606,           0.0030016,             0.00478,             0.00478,             0.00478
                 176,            0.024947,           0.0036546,           0.0010247,             0.89249,             0.75168,             0.81032,             0.52101,            0.033488,           0.0053613,           0.0030144,             0.00475,             0.00475,             0.00475
                 177,            0.024814,           0.0036337,           0.0010508,             0.89253,             0.75143,             0.81024,             0.52068,            0.033562,           0.0053544,           0.0030375,             0.00472,             0.00472,             0.00472
                 178,            0.025064,           0.0036642,           0.0010024,             0.88992,             0.75142,             0.81039,             0.52068,             0.03352,           0.0053641,           0.0030444,             0.00469,             0.00469,             0.00469
                 179,            0.024891,           0.0036472,           0.0010302,             0.89062,             0.75072,              0.8101,             0.52046,            0.033395,           0.0053779,           0.0030279,             0.00466,             0.00466,             0.00466
                 180,            0.024997,           0.0036325,          0.00095276,             0.89079,             0.75056,             0.81057,             0.52106,            0.033316,           0.0053884,            0.003004,             0.00463,             0.00463,             0.00463
                 181,            0.025108,           0.0035953,           0.0010393,             0.88983,             0.75024,             0.81068,              0.5207,            0.033289,           0.0053873,           0.0029875,              0.0046,              0.0046,              0.0046
                 182,            0.025172,           0.0036997,           0.0011038,             0.89033,             0.75019,             0.81072,             0.52177,            0.033315,           0.0053837,            0.002969,             0.00457,             0.00457,             0.00457
                 183,            0.024865,           0.0035794,           0.0010186,             0.88816,             0.74984,             0.81062,             0.52202,            0.033151,           0.0053967,           0.0029206,             0.00454,             0.00454,             0.00454
                 184,            0.024882,           0.0035916,            0.001038,             0.88791,              0.7514,             0.81189,             0.52205,            0.033074,           0.0054056,            0.002904,             0.00451,             0.00451,             0.00451
                 185,            0.024813,           0.0035823,            0.001012,             0.88801,             0.75141,             0.81202,             0.52241,            0.033039,           0.0054141,           0.0029151,             0.00448,             0.00448,             0.00448
                 186,            0.024961,           0.0036372,           0.0010339,             0.88938,              0.7495,              0.8123,             0.52255,             0.03302,           0.0054151,           0.0029011,             0.00445,             0.00445,             0.00445
                 187,            0.024893,           0.0036221,           0.0010458,             0.89134,             0.75001,              0.8122,             0.52241,             0.03296,           0.0054259,           0.0028757,             0.00442,             0.00442,             0.00442
                 188,            0.025128,           0.0036041,           0.0010434,             0.88976,             0.75043,             0.81226,             0.52247,            0.032924,           0.0054324,           0.0028706,             0.00439,             0.00439,             0.00439
                 189,             0.02463,           0.0035815,          0.00099421,             0.89023,             0.75121,             0.81252,             0.52229,            0.032982,           0.0054304,           0.0028784,             0.00436,             0.00436,             0.00436
                 190,            0.024661,           0.0035396,          0.00099906,             0.89043,             0.75257,             0.81319,              0.5222,            0.033085,           0.0054243,           0.0028982,             0.00433,             0.00433,             0.00433
                 191,            0.025328,           0.0036386,           0.0010513,             0.89137,             0.75152,             0.81313,             0.52222,            0.033158,           0.0054188,            0.002886,              0.0043,              0.0043,              0.0043
                 192,            0.024562,           0.0035926,          0.00093734,             0.89121,             0.75152,             0.81282,             0.52202,            0.033221,           0.0054136,           0.0029027,             0.00427,             0.00427,             0.00427
                 193,             0.02459,           0.0035675,          0.00097194,             0.89071,             0.75084,             0.81273,             0.52281,            0.033223,           0.0054115,           0.0028913,             0.00424,             0.00424,             0.00424
                 194,            0.024638,           0.0035473,          0.00097008,                0.89,             0.75117,             0.81267,             0.52244,            0.033244,           0.0054133,           0.0028748,             0.00421,             0.00421,             0.00421
                 195,            0.024439,           0.0035509,          0.00094089,             0.89048,             0.75068,             0.81353,             0.52317,            0.033256,           0.0054131,           0.0028648,             0.00418,             0.00418,             0.00418
                 196,            0.024507,           0.0035528,          0.00095921,             0.89081,             0.74987,             0.81336,             0.52303,            0.033334,           0.0054129,           0.0028714,             0.00415,             0.00415,             0.00415
                 197,            0.024808,             0.00356,          0.00099741,             0.89095,               0.749,             0.81178,             0.52289,            0.033418,           0.0054056,           0.0029128,             0.00412,             0.00412,             0.00412
                 198,            0.024425,           0.0035211,          0.00097353,             0.89156,             0.74775,             0.81168,             0.52345,            0.033386,           0.0054094,           0.0028861,             0.00409,             0.00409,             0.00409
                 199,            0.024416,           0.0035077,          0.00095107,             0.89107,             0.74905,             0.81174,              0.5242,             0.03331,           0.0054176,            0.002856,             0.00406,             0.00406,             0.00406
                 200,            0.024249,           0.0035186,           0.0010464,             0.89359,             0.74868,             0.81224,             0.52378,            0.033326,           0.0054149,            0.002856,             0.00403,             0.00403,             0.00403
                 201,            0.024427,           0.0035496,          0.00099714,             0.89326,             0.74814,             0.81229,             0.52344,            0.033432,           0.0054024,           0.0028768,               0.004,               0.004,               0.004
                 202,            0.024455,            0.003539,          0.00095592,              0.8934,             0.74949,             0.81333,             0.52318,            0.033394,           0.0054038,           0.0028667,             0.00397,             0.00397,             0.00397
                 203,            0.024134,           0.0035205,          0.00097478,             0.89597,             0.74697,             0.81317,             0.52334,            0.033456,            0.005391,           0.0028981,             0.00394,             0.00394,             0.00394
                 204,            0.024472,           0.0035572,          0.00091592,             0.89579,             0.74804,             0.81323,             0.52399,            0.033511,           0.0053836,           0.0029294,             0.00391,             0.00391,             0.00391
                 205,             0.02418,           0.0034985,          0.00091092,             0.89963,             0.74573,             0.81339,             0.52377,            0.033523,           0.0053818,           0.0029659,             0.00388,             0.00388,             0.00388
                 206,            0.023994,           0.0034535,          0.00094542,             0.89958,             0.74558,             0.81384,             0.52368,            0.033601,           0.0053719,           0.0030122,             0.00385,             0.00385,             0.00385
                 207,            0.024304,            0.003492,          0.00095614,             0.89984,             0.74557,             0.81429,             0.52383,            0.033701,           0.0053635,           0.0030839,             0.00382,             0.00382,             0.00382
                 208,            0.023917,           0.0035071,          0.00089216,             0.89481,             0.74642,             0.81366,             0.52358,            0.033791,             0.00536,           0.0031386,             0.00379,             0.00379,             0.00379
                 209,            0.024423,            0.003505,           0.0010173,             0.89646,             0.74702,             0.81384,             0.52365,            0.033818,           0.0053536,           0.0031579,             0.00376,             0.00376,             0.00376
                 210,            0.024001,           0.0034899,          0.00094581,             0.89408,             0.74811,             0.81385,             0.52407,            0.033803,           0.0053547,           0.0031353,             0.00373,             0.00373,             0.00373
                 211,             0.02403,           0.0034682,          0.00097351,             0.89459,             0.74802,             0.81421,             0.52457,            0.033838,            0.005349,           0.0031475,              0.0037,              0.0037,              0.0037
                 212,            0.024018,           0.0035026,          0.00090735,             0.89058,             0.75093,             0.81418,             0.52466,            0.033811,           0.0053519,           0.0031684,             0.00367,             0.00367,             0.00367
                 213,            0.024241,           0.0035036,           0.0009763,             0.89016,              0.7499,             0.81415,             0.52455,            0.033852,           0.0053534,           0.0031954,             0.00364,             0.00364,             0.00364
                 214,            0.023972,           0.0035086,          0.00098076,             0.88454,             0.75603,             0.81422,             0.52497,            0.033921,           0.0053506,            0.003227,             0.00361,             0.00361,             0.00361
                 215,            0.023935,           0.0035153,          0.00091649,             0.88312,             0.75729,             0.81634,             0.52513,            0.033937,             0.00535,           0.0032537,             0.00358,             0.00358,             0.00358
                 216,             0.02396,           0.0035011,          0.00088876,             0.88462,             0.75744,             0.81647,             0.52506,            0.033881,           0.0053567,           0.0032549,             0.00355,             0.00355,             0.00355
                 217,            0.023974,           0.0034556,          0.00092011,             0.88626,             0.75602,             0.81673,             0.52478,            0.033913,           0.0053538,           0.0032812,             0.00352,             0.00352,             0.00352
                 218,            0.023967,           0.0034613,           0.0008894,             0.88547,             0.75694,             0.81686,             0.52493,            0.033895,           0.0053597,           0.0033005,             0.00349,             0.00349,             0.00349
                 219,            0.023763,           0.0034497,          0.00087883,             0.88244,             0.75865,             0.81655,             0.52466,            0.033909,           0.0053596,           0.0033742,             0.00346,             0.00346,             0.00346
                 220,            0.023646,           0.0034615,          0.00091707,             0.88185,             0.76089,             0.81672,             0.52516,            0.033972,           0.0053538,           0.0034244,             0.00343,             0.00343,             0.00343
                 221,            0.023718,            0.003443,          0.00091316,             0.88327,             0.75843,             0.81648,             0.52573,            0.034002,           0.0053523,           0.0034476,              0.0034,              0.0034,              0.0034
                 222,            0.023669,           0.0034336,          0.00090989,             0.88373,             0.75884,             0.81627,             0.52566,            0.034038,            0.005346,           0.0034814,             0.00337,             0.00337,             0.00337
                 223,            0.023713,           0.0034341,           0.0009135,              0.8834,             0.76112,             0.81599,             0.52589,            0.034028,           0.0053508,           0.0034828,             0.00334,             0.00334,             0.00334
                 224,            0.023618,           0.0034254,          0.00090383,             0.88756,             0.75728,             0.81611,             0.52674,            0.034043,           0.0053503,             0.00349,             0.00331,             0.00331,             0.00331
                 225,             0.02382,           0.0035343,          0.00090994,             0.89094,              0.7571,             0.81617,             0.52579,            0.033973,           0.0053571,           0.0034474,             0.00328,             0.00328,             0.00328
                 226,            0.023862,            0.003426,          0.00091584,             0.89219,             0.75372,             0.81498,             0.52677,            0.033962,           0.0053549,           0.0034442,             0.00325,             0.00325,             0.00325
                 227,            0.023765,           0.0034192,          0.00091936,             0.89108,             0.75346,             0.81483,              0.5258,            0.033923,            0.005362,            0.003412,             0.00322,             0.00322,             0.00322
                 228,            0.023711,           0.0035102,          0.00093067,             0.89533,             0.75145,             0.81488,             0.52619,            0.033928,            0.005363,           0.0033767,             0.00319,             0.00319,             0.00319
                 229,            0.023402,           0.0033927,           0.0008613,              0.8948,             0.75095,             0.81482,             0.52662,            0.033972,           0.0053593,           0.0033531,             0.00316,             0.00316,             0.00316
                 230,            0.023286,           0.0033947,          0.00087746,             0.89971,             0.74943,             0.81485,             0.52688,            0.033985,           0.0053583,           0.0033451,             0.00313,             0.00313,             0.00313
                 231,            0.023312,           0.0034164,          0.00086732,             0.90084,             0.74927,             0.81498,             0.52777,            0.034021,           0.0053554,            0.003368,              0.0031,              0.0031,              0.0031
                 232,            0.023337,           0.0033611,          0.00090737,             0.89968,             0.74988,             0.81503,             0.52706,            0.034078,           0.0053488,           0.0034245,             0.00307,             0.00307,             0.00307
                 233,            0.023261,           0.0033683,          0.00089546,             0.90306,             0.74894,             0.81588,             0.52718,            0.034149,           0.0053466,           0.0034922,             0.00304,             0.00304,             0.00304
                 234,            0.023271,           0.0033768,          0.00082034,             0.90157,             0.74909,             0.81625,             0.52694,            0.034163,           0.0053442,           0.0035344,             0.00301,             0.00301,             0.00301
                 235,            0.023146,           0.0033679,          0.00085203,             0.90262,             0.74788,             0.81675,             0.52715,            0.034137,           0.0053483,           0.0035112,             0.00298,             0.00298,             0.00298
                 236,            0.023276,           0.0033897,          0.00086199,             0.90015,              0.7514,             0.81733,             0.52753,            0.034161,           0.0053484,           0.0035077,             0.00295,             0.00295,             0.00295
                 237,            0.023308,           0.0033627,           0.0008574,             0.90151,             0.75098,             0.81746,             0.52719,            0.034189,           0.0053467,           0.0035193,             0.00292,             0.00292,             0.00292
                 238,            0.023137,           0.0033484,          0.00080289,              0.9013,              0.7506,             0.81761,             0.52722,            0.034218,           0.0053365,           0.0035438,             0.00289,             0.00289,             0.00289
                 239,            0.023068,           0.0033559,           0.0008606,             0.89872,             0.75135,             0.81785,             0.52752,            0.034285,           0.0053271,           0.0035973,             0.00286,             0.00286,             0.00286
                 240,             0.02298,           0.0033794,          0.00082106,             0.89707,             0.75021,             0.81755,             0.52798,            0.034367,           0.0053128,           0.0036376,             0.00283,             0.00283,             0.00283
                 241,            0.022919,           0.0033358,           0.0008015,             0.89391,             0.75207,              0.8175,             0.52773,            0.034407,           0.0052995,           0.0036476,              0.0028,              0.0028,              0.0028
                 242,            0.023409,           0.0033939,          0.00084995,             0.89401,             0.75179,             0.81712,             0.52743,            0.034443,           0.0052953,           0.0036807,             0.00277,             0.00277,             0.00277
                 243,            0.022998,           0.0033524,          0.00085127,             0.89265,             0.75493,             0.81721,             0.52676,             0.03451,           0.0052852,           0.0037299,             0.00274,             0.00274,             0.00274
                 244,             0.02289,           0.0033332,           0.0009005,             0.88959,             0.75631,             0.81764,              0.5276,             0.03452,            0.005279,           0.0037599,             0.00271,             0.00271,             0.00271
                 245,            0.023175,            0.003363,          0.00085111,             0.89013,             0.75736,             0.81826,             0.52722,            0.034437,           0.0052882,           0.0037292,             0.00268,             0.00268,             0.00268
                 246,            0.023138,           0.0033717,          0.00087153,             0.88862,             0.76315,             0.81837,             0.52771,            0.034415,           0.0052938,            0.003737,             0.00265,             0.00265,             0.00265
                 247,             0.02283,            0.003304,          0.00081077,             0.88935,              0.7609,             0.81828,              0.5278,            0.034329,           0.0053087,           0.0036718,             0.00262,             0.00262,             0.00262
                 248,            0.022619,           0.0032976,          0.00081346,              0.8896,             0.76171,             0.81849,             0.52839,            0.034216,           0.0053287,            0.003612,             0.00259,             0.00259,             0.00259
                 249,            0.022793,            0.003314,          0.00081362,             0.89079,             0.76273,             0.81921,              0.5287,            0.034164,           0.0053416,           0.0035994,             0.00256,             0.00256,             0.00256
                 250,            0.022883,           0.0033244,          0.00084915,             0.89184,             0.76275,             0.81907,             0.52826,            0.034112,           0.0053508,           0.0035875,             0.00253,             0.00253,             0.00253
                 251,            0.022777,            0.003334,           0.0008237,             0.89405,             0.76229,              0.8188,             0.52865,            0.034084,           0.0053579,           0.0035695,              0.0025,              0.0025,              0.0025
                 252,             0.02284,           0.0033166,          0.00080892,              0.8958,             0.76098,             0.81882,             0.52877,            0.034061,           0.0053624,           0.0035309,             0.00247,             0.00247,             0.00247
                 253,            0.022613,           0.0032715,          0.00080394,             0.89475,             0.76027,             0.81887,             0.52852,            0.034065,           0.0053657,           0.0034836,             0.00244,             0.00244,             0.00244
                 254,            0.022617,           0.0032951,          0.00091279,             0.89583,             0.76039,             0.81877,             0.52923,            0.034064,           0.0053648,           0.0034443,             0.00241,             0.00241,             0.00241
                 255,            0.022774,           0.0032789,          0.00082385,             0.89571,             0.76206,             0.81846,             0.52919,            0.034062,           0.0053642,           0.0034174,             0.00238,             0.00238,             0.00238
                 256,            0.022413,           0.0032368,          0.00077121,             0.89629,             0.75508,             0.81829,             0.52922,            0.034089,             0.00536,           0.0033965,             0.00235,             0.00235,             0.00235
                 257,             0.02247,           0.0032871,          0.00083781,             0.89734,             0.75689,             0.81855,             0.52946,            0.034097,           0.0053612,           0.0034032,             0.00232,             0.00232,             0.00232
                 258,            0.022341,           0.0032588,          0.00079287,             0.89708,             0.75451,             0.81822,             0.52931,             0.03405,           0.0053684,            0.003396,             0.00229,             0.00229,             0.00229
                 259,            0.022374,           0.0032538,          0.00076457,             0.89659,             0.75376,              0.8181,             0.52978,            0.034059,           0.0053726,           0.0034007,             0.00226,             0.00226,             0.00226
                 260,            0.022712,           0.0032761,          0.00082469,             0.89568,             0.75343,              0.8178,             0.53058,            0.034042,           0.0053795,           0.0034058,             0.00223,             0.00223,             0.00223
                 261,            0.022307,           0.0032753,          0.00079642,             0.89539,             0.75385,             0.81751,             0.53058,            0.034023,           0.0053841,           0.0034277,              0.0022,              0.0022,              0.0022
                 262,            0.022244,           0.0032235,           0.0007708,             0.90178,             0.75119,             0.81728,             0.53066,             0.03401,           0.0053881,           0.0034533,             0.00217,             0.00217,             0.00217
                 263,            0.022557,           0.0032352,           0.0007935,             0.90188,             0.74963,             0.81743,             0.53057,            0.034023,            0.005385,           0.0034648,             0.00214,             0.00214,             0.00214
                 264,            0.022189,           0.0032265,           0.0007599,             0.90086,             0.74936,             0.81758,             0.53039,            0.034095,           0.0053761,           0.0034787,             0.00211,             0.00211,             0.00211
                 265,            0.022253,           0.0032509,          0.00084898,             0.89486,              0.7535,             0.81798,             0.53025,            0.034159,           0.0053643,           0.0035082,             0.00208,             0.00208,             0.00208
                 266,            0.022371,           0.0032267,          0.00080114,             0.89455,             0.75524,             0.81864,             0.53036,            0.034171,           0.0053622,           0.0035257,             0.00205,             0.00205,             0.00205
                 267,             0.02221,           0.0032564,          0.00081783,             0.89656,             0.75476,             0.81836,             0.52949,            0.034184,           0.0053616,           0.0035284,             0.00202,             0.00202,             0.00202
                 268,            0.022178,           0.0032096,          0.00076378,             0.89701,             0.75454,             0.81841,             0.53045,            0.034206,           0.0053572,           0.0035601,             0.00199,             0.00199,             0.00199
                 269,            0.022432,           0.0032125,          0.00077908,              0.8955,             0.75236,             0.81804,             0.52943,            0.034207,           0.0053593,           0.0035751,             0.00196,             0.00196,             0.00196
                 270,            0.021991,           0.0032245,          0.00075682,             0.89657,             0.75321,             0.81755,              0.5294,            0.034195,           0.0053605,           0.0035836,             0.00193,             0.00193,             0.00193
                 271,            0.022069,           0.0031816,          0.00072896,             0.89414,             0.75541,             0.81798,             0.52922,            0.034208,           0.0053584,           0.0036129,              0.0019,              0.0019,              0.0019
                 272,            0.021984,           0.0031936,          0.00079039,             0.89474,             0.75545,             0.81779,             0.52877,            0.034189,           0.0053632,           0.0036361,             0.00187,             0.00187,             0.00187
                 273,            0.022035,           0.0031917,          0.00078423,             0.89394,             0.75614,             0.81752,             0.52846,            0.034179,           0.0053661,           0.0036541,             0.00184,             0.00184,             0.00184
                 274,            0.021757,           0.0031749,          0.00073528,             0.89419,             0.75706,             0.81732,              0.5285,            0.034162,           0.0053676,           0.0036562,             0.00181,             0.00181,             0.00181
                 275,            0.021925,           0.0031896,          0.00082283,             0.89511,              0.7572,             0.81718,             0.52808,            0.034195,           0.0053641,           0.0036812,             0.00178,             0.00178,             0.00178
                 276,            0.021965,           0.0032217,          0.00079418,             0.89333,             0.75725,             0.81773,             0.52814,             0.03419,           0.0053665,           0.0036792,             0.00175,             0.00175,             0.00175
                 277,            0.021569,           0.0031512,          0.00077243,               0.895,              0.7556,             0.81779,             0.52889,            0.034187,           0.0053657,           0.0036759,             0.00172,             0.00172,             0.00172
                 278,            0.021649,           0.0031566,          0.00072633,             0.89554,             0.75357,             0.81749,             0.52825,             0.03417,           0.0053707,           0.0036865,             0.00169,             0.00169,             0.00169
                 279,            0.021631,           0.0031479,           0.0007285,             0.89773,             0.75324,             0.81733,             0.52785,            0.034179,           0.0053741,            0.003707,             0.00166,             0.00166,             0.00166
                 280,            0.021699,           0.0031645,          0.00073186,             0.89231,             0.75627,             0.81734,             0.52869,             0.03421,            0.005369,           0.0037383,             0.00163,             0.00163,             0.00163
                 281,            0.021658,           0.0031067,          0.00073274,             0.88543,             0.75923,             0.81702,             0.52857,            0.034258,           0.0053659,           0.0037865,              0.0016,              0.0016,              0.0016
                 282,            0.021435,            0.003156,          0.00074558,             0.88823,             0.75784,             0.81715,             0.52875,            0.034318,           0.0053609,             0.00385,             0.00157,             0.00157,             0.00157
                 283,            0.021159,           0.0031274,          0.00069942,             0.89317,             0.75593,             0.81724,             0.52875,            0.034332,           0.0053564,           0.0039063,             0.00154,             0.00154,             0.00154
                 284,            0.021493,           0.0030953,          0.00069105,              0.8914,             0.75636,             0.81712,             0.52849,            0.034385,           0.0053603,           0.0039478,             0.00151,             0.00151,             0.00151
                 285,            0.021318,           0.0030856,          0.00075089,             0.89221,             0.75626,             0.81725,             0.52845,            0.034439,           0.0053553,           0.0039763,             0.00148,             0.00148,             0.00148
                 286,            0.021384,           0.0031191,          0.00073348,             0.89458,              0.7563,             0.81754,             0.52906,            0.034499,            0.005351,           0.0040122,             0.00145,             0.00145,             0.00145
                 287,            0.021448,            0.003122,          0.00072279,             0.89594,              0.7569,             0.81762,             0.52905,            0.034533,           0.0053507,           0.0040488,             0.00142,             0.00142,             0.00142
                 288,            0.021086,           0.0030961,          0.00069906,             0.89571,              0.7577,             0.81774,             0.52852,            0.034561,             0.00535,           0.0040534,             0.00139,             0.00139,             0.00139
                 289,            0.021184,           0.0031447,          0.00070371,             0.89515,             0.75869,             0.81787,             0.52904,            0.034585,           0.0053493,           0.0040546,             0.00136,             0.00136,             0.00136
                 290,            0.021237,           0.0030986,          0.00073328,             0.89834,             0.75652,             0.81861,             0.52878,            0.034611,           0.0053547,           0.0040643,             0.00133,             0.00133,             0.00133
                 291,            0.021133,           0.0030454,          0.00065465,             0.89953,              0.7573,             0.81876,             0.52869,            0.034661,           0.0053538,           0.0040833,              0.0013,              0.0013,              0.0013
                 292,            0.021245,           0.0030665,          0.00067763,             0.89763,             0.75808,              0.8186,             0.52913,            0.034651,           0.0053617,           0.0040758,             0.00127,             0.00127,             0.00127
                 293,            0.020992,           0.0030403,          0.00067028,             0.89847,              0.7581,             0.81847,             0.52957,            0.034672,           0.0053713,           0.0040843,             0.00124,             0.00124,             0.00124
                 294,            0.020996,           0.0030829,          0.00070564,             0.89734,             0.75826,             0.81836,             0.52943,              0.0347,           0.0053767,           0.0041131,             0.00121,             0.00121,             0.00121
                 295,            0.020987,           0.0030491,          0.00073793,             0.89664,              0.7578,             0.81833,             0.52992,            0.034711,            0.005382,           0.0041394,             0.00118,             0.00118,             0.00118
                 296,            0.020794,           0.0030805,          0.00070225,             0.89668,             0.75754,             0.81837,              0.5298,            0.034736,           0.0053858,           0.0041861,             0.00115,             0.00115,             0.00115
                 297,            0.020788,           0.0030329,          0.00067956,             0.89928,             0.75778,             0.81834,              0.5303,            0.034734,           0.0053955,           0.0042203,             0.00112,             0.00112,             0.00112
                 298,             0.02071,           0.0030031,          0.00067161,             0.89704,             0.75691,             0.81848,             0.52994,             0.03471,           0.0054079,           0.0042078,             0.00109,             0.00109,             0.00109
                 299,            0.020632,           0.0030125,          0.00065037,             0.90083,             0.75555,             0.81862,             0.52981,            0.034716,           0.0054197,           0.0042158,             0.00106,             0.00106,             0.00106
